"","model","varivant","Model_varivant","historical_tas","rcp85_tas"
"1","ACCESS1-0","r1i1p1","ACCESS1-0_r1i1p1",1872,1140
"2","ACCESS1-3","r1i1p1","ACCESS1-3_r1i1p1",1872,1140
"3","BNU-ESM","r1i1p1","BNU-ESM_r1i1p1",1872,1140
"4","CCSM4","r1i1p1","CCSM4_r1i1p1",1872,1140
"5","CESM1-BGC","r1i1p1","CESM1-BGC_r1i1p1",1872,1140
"6","CESM1-CAM5","r1i1p1","CESM1-CAM5_r1i1p1",1872,1140
"7","CMCC-CESM","r1i1p1","CMCC-CESM_r1i1p1",1872,1140
"8","CMCC-CM","r1i1p1","CMCC-CM_r1i1p1",1872,1140
"9","CMCC-CMS","r1i1p1","CMCC-CMS_r1i1p1",1872,1140
"10","CNRM-CM5","r1i1p1","CNRM-CM5_r1i1p1",1872,1140
"11","CSIRO-Mk3-6-0","r1i1p1","CSIRO-Mk3-6-0_r1i1p1",1872,1140
"12","CanESM2","r1i1p1","CanESM2_r1i1p1",1872,1140
"13","FGOALS-g2","r1i1p1","FGOALS-g2_r1i1p1",1872,1152
"14","GFDL-CM3","r1i1p1","GFDL-CM3_r1i1p1",1752,1140
"15","GFDL-ESM2G","r1i1p1","GFDL-ESM2G_r1i1p1",1740,1140
"16","GISS-E2-H-CC","r1i1p1","GISS-E2-H-CC_r1i1p1",1932,1140
"17","GISS-E2-R-CC","r1i1p1","GISS-E2-R-CC_r1i1p1",1932,1140
"18","HadGEM2-AO","r1i1p1","HadGEM2-AO_r1i1p1",1752,1140
"19","IPSL-CM5A-LR","r1i1p1","IPSL-CM5A-LR_r1i1p1",1872,3540
"20","IPSL-CM5A-MR","r1i1p1","IPSL-CM5A-MR_r1i1p1",1872,1140
"21","IPSL-CM5B-LR","r1i1p1","IPSL-CM5B-LR_r1i1p1",1872,1140
"22","MIROC-ESM","r1i1p1","MIROC-ESM_r1i1p1",1872,1140
"23","MIROC-ESM-CHEM","r1i1p1","MIROC-ESM-CHEM_r1i1p1",1872,1140
"24","MIROC5","r1i1p1","MIROC5_r1i1p1",1956,1140
"25","MPI-ESM-MR","r1i1p1","MPI-ESM-MR_r1i1p1",1872,1140
"26","MRI-CGCM3","r1i1p1","MRI-CGCM3_r1i1p1",1872,1140
"27","NorESM1-M","r1i1p1","NorESM1-M_r1i1p1",1872,1140
"28","NorESM1-ME","r1i1p1","NorESM1-ME_r1i1p1",1872,1140
"29","bcc-csm1-1","r1i1p1","bcc-csm1-1_r1i1p1",1956,3540
"30","bcc-csm1-1-m","r1i1p1","bcc-csm1-1-m_r1i1p1",1956,1140
"31","inmcm4","r1i1p1","inmcm4_r1i1p1",1872,1140
