"","model","varivant","variable","scenario","All.mon","Num.files","Scenario_Var","Model_varivant"
"1","ACCESS1-0","r1i1p1","tas","historical",1872,1,"historical_tas","ACCESS1-0_r1i1p1"
"2","ACCESS1-0","r1i1p1","tas","rcp85",1140,1,"rcp85_tas","ACCESS1-0_r1i1p1"
"3","ACCESS1-3","r1i1p1","tas","historical",1872,1,"historical_tas","ACCESS1-3_r1i1p1"
"4","ACCESS1-3","r1i1p1","tas","rcp85",1140,1,"rcp85_tas","ACCESS1-3_r1i1p1"
"5","BNU-ESM","r1i1p1","tas","historical",1872,1,"historical_tas","BNU-ESM_r1i1p1"
"6","BNU-ESM","r1i1p1","tas","rcp85",1140,1,"rcp85_tas","BNU-ESM_r1i1p1"
"7","CCSM4","r1i1p1","tas","historical",1872,1,"historical_tas","CCSM4_r1i1p1"
"8","CCSM4","r1i1p1","tas","rcp85",1140,1,"rcp85_tas","CCSM4_r1i1p1"
"9","CESM1-BGC","r1i1p1","tas","historical",1872,1,"historical_tas","CESM1-BGC_r1i1p1"
"10","CESM1-BGC","r1i1p1","tas","rcp85",1140,1,"rcp85_tas","CESM1-BGC_r1i1p1"
"11","CESM1-CAM5","r1i1p1","tas","historical",1872,1,"historical_tas","CESM1-CAM5_r1i1p1"
"12","CESM1-CAM5","r1i1p1","tas","rcp85",1140,1,"rcp85_tas","CESM1-CAM5_r1i1p1"
"13","CMCC-CESM","r1i1p1","tas","historical",1872,32,"historical_tas","CMCC-CESM_r1i1p1"
"14","CMCC-CESM","r1i1p1","tas","rcp85",1140,10,"rcp85_tas","CMCC-CESM_r1i1p1"
"15","CMCC-CM","r1i1p1","tas","historical",1872,16,"historical_tas","CMCC-CM_r1i1p1"
"16","CMCC-CM","r1i1p1","tas","rcp85",1140,10,"rcp85_tas","CMCC-CM_r1i1p1"
"17","CMCC-CMS","r1i1p1","tas","historical",1872,16,"historical_tas","CMCC-CMS_r1i1p1"
"18","CMCC-CMS","r1i1p1","tas","rcp85",1140,10,"rcp85_tas","CMCC-CMS_r1i1p1"
"19","CNRM-CM5","r1i1p1","tas","historical",1872,3,"historical_tas","CNRM-CM5_r1i1p1"
"20","CNRM-CM5","r1i1p1","tas","rcp85",1140,2,"rcp85_tas","CNRM-CM5_r1i1p1"
"21","CSIRO-Mk3-6-0","r1i1p1","tas","historical",1872,1,"historical_tas","CSIRO-Mk3-6-0_r1i1p1"
"22","CSIRO-Mk3-6-0","r1i1p1","tas","rcp85",1140,1,"rcp85_tas","CSIRO-Mk3-6-0_r1i1p1"
"23","CanESM2","r1i1p1","tas","historical",1872,1,"historical_tas","CanESM2_r1i1p1"
"24","CanESM2","r1i1p1","tas","rcp85",1140,1,"rcp85_tas","CanESM2_r1i1p1"
"25","FGOALS-g2","r1i1p1","tas","historical",1872,16,"historical_tas","FGOALS-g2_r1i1p1"
"26","FGOALS-g2","r1i1p1","tas","rcp85",1152,10,"rcp85_tas","FGOALS-g2_r1i1p1"
"27","GFDL-CM3","r1i1p1","tas","historical",1752,30,"historical_tas","GFDL-CM3_r1i1p1"
"28","GFDL-CM3","r1i1p1","tas","rcp85",1140,19,"rcp85_tas","GFDL-CM3_r1i1p1"
"29","GFDL-ESM2G","r1i1p1","tas","historical",1740,29,"historical_tas","GFDL-ESM2G_r1i1p1"
"30","GFDL-ESM2G","r1i1p1","tas","rcp85",1140,19,"rcp85_tas","GFDL-ESM2G_r1i1p1"
"31","GISS-E2-H-CC","r1i1p1","tas","historical",1932,3,"historical_tas","GISS-E2-H-CC_r1i1p1"
"32","GISS-E2-H-CC","r1i1p1","tas","rcp85",1140,2,"rcp85_tas","GISS-E2-H-CC_r1i1p1"
"33","GISS-E2-R-CC","r1i1p1","tas","historical",1932,7,"historical_tas","GISS-E2-R-CC_r1i1p1"
"34","GISS-E2-R-CC","r1i1p1","tas","rcp85",1140,4,"rcp85_tas","GISS-E2-R-CC_r1i1p1"
"35","HadGEM2-AO","r1i1p1","tas","historical",1752,1,"historical_tas","HadGEM2-AO_r1i1p1"
"36","HadGEM2-AO","r1i1p1","tas","rcp85",1140,1,"rcp85_tas","HadGEM2-AO_r1i1p1"
"37","IPSL-CM5A-LR","r1i1p1","tas","historical",1872,1,"historical_tas","IPSL-CM5A-LR_r1i1p1"
"38","IPSL-CM5A-LR","r1i1p1","tas","rcp85",3540,1,"rcp85_tas","IPSL-CM5A-LR_r1i1p1"
"39","IPSL-CM5A-MR","r1i1p1","tas","historical",1872,1,"historical_tas","IPSL-CM5A-MR_r1i1p1"
"40","IPSL-CM5A-MR","r1i1p1","tas","rcp85",1140,1,"rcp85_tas","IPSL-CM5A-MR_r1i1p1"
"41","IPSL-CM5B-LR","r1i1p1","tas","historical",1872,1,"historical_tas","IPSL-CM5B-LR_r1i1p1"
"42","IPSL-CM5B-LR","r1i1p1","tas","rcp85",1140,1,"rcp85_tas","IPSL-CM5B-LR_r1i1p1"
"43","MIROC-ESM","r1i1p1","tas","historical",1872,1,"historical_tas","MIROC-ESM_r1i1p1"
"44","MIROC-ESM","r1i1p1","tas","rcp85",1140,1,"rcp85_tas","MIROC-ESM_r1i1p1"
"45","MIROC-ESM-CHEM","r1i1p1","tas","historical",1872,1,"historical_tas","MIROC-ESM-CHEM_r1i1p1"
"46","MIROC-ESM-CHEM","r1i1p1","tas","rcp85",1140,1,"rcp85_tas","MIROC-ESM-CHEM_r1i1p1"
"47","MIROC5","r1i1p1","tas","historical",1956,1,"historical_tas","MIROC5_r1i1p1"
"48","MIROC5","r1i1p1","tas","rcp85",1140,1,"rcp85_tas","MIROC5_r1i1p1"
"49","MPI-ESM-MR","r1i1p1","tas","historical",1872,1,"historical_tas","MPI-ESM-MR_r1i1p1"
"50","MPI-ESM-MR","r1i1p1","tas","rcp85",1140,1,"rcp85_tas","MPI-ESM-MR_r1i1p1"
"51","MRI-CGCM3","r1i1p1","tas","historical",1872,1,"historical_tas","MRI-CGCM3_r1i1p1"
"52","MRI-CGCM3","r1i1p1","tas","rcp85",1140,1,"rcp85_tas","MRI-CGCM3_r1i1p1"
"53","NorESM1-M","r1i1p1","tas","historical",1872,1,"historical_tas","NorESM1-M_r1i1p1"
"54","NorESM1-M","r1i1p1","tas","rcp85",1140,1,"rcp85_tas","NorESM1-M_r1i1p1"
"55","NorESM1-ME","r1i1p1","tas","historical",1872,1,"historical_tas","NorESM1-ME_r1i1p1"
"56","NorESM1-ME","r1i1p1","tas","rcp85",1140,2,"rcp85_tas","NorESM1-ME_r1i1p1"
"57","bcc-csm1-1","r1i1p1","tas","historical",1956,1,"historical_tas","bcc-csm1-1_r1i1p1"
"58","bcc-csm1-1","r1i1p1","tas","rcp85",3540,2,"rcp85_tas","bcc-csm1-1_r1i1p1"
"59","bcc-csm1-1-m","r1i1p1","tas","historical",1956,1,"historical_tas","bcc-csm1-1-m_r1i1p1"
"60","bcc-csm1-1-m","r1i1p1","tas","rcp85",1140,2,"rcp85_tas","bcc-csm1-1-m_r1i1p1"
"61","inmcm4","r1i1p1","tas","historical",1872,1,"historical_tas","inmcm4_r1i1p1"
"62","inmcm4","r1i1p1","tas","rcp85",1140,1,"rcp85_tas","inmcm4_r1i1p1"
