"","model","varivant","Model_varivant","historical_tas","ssp245_tas","ssp585_tas"
"1","ACCESS-CM2","r1i1p1f1","ACCESS-CM2_r1i1p1f1",1980,1032,1032
"2","ACCESS-ESM1-5","r1i1p1f1","ACCESS-ESM1-5_r1i1p1f1",1980,1032,1032
"3","BCC-CSM2-MR","r1i1p1f1","BCC-CSM2-MR_r1i1p1f1",1980,1032,1032
"4","CAMS-CSM1-0","r1i1p1f1","CAMS-CSM1-0_r1i1p1f1",1980,1020,1020
"5","CAS-ESM2-0","r1i1p1f1","CAS-ESM2-0_r1i1p1f1",1980,1032,1032
"6","CESM2-WACCM","r1i1p1f1","CESM2-WACCM_r1i1p1f1",1980,1032,1032
"7","CIESM","r1i1p1f1","CIESM_r1i1p1f1",1980,1032,1032
"8","CMCC-CM2-SR5","r1i1p1f1","CMCC-CM2-SR5_r1i1p1f1",1980,1032,1032
"9","CMCC-ESM2","r1i1p1f1","CMCC-ESM2_r1i1p1f1",1980,1032,1032
"10","CNRM-CM6-1-HR","r1i1p1f2","CNRM-CM6-1-HR_r1i1p1f2",1980,1032,1032
"11","CNRM-ESM2-1","r1i1p1f2","CNRM-ESM2-1_r1i1p1f2",1980,1032,1032
"12","CanESM5","r1i1p1f1","CanESM5_r1i1p1f1",1980,1032,1032
"13","EC-Earth3","r1i1p1f1","EC-Earth3_r1i1p1f1",1980,1032,1032
"14","FGOALS-f3-L","r1i1p1f1","FGOALS-f3-L_r1i1p1f1",1980,1032,1032
"15","FGOALS-g3","r1i1p1f1","FGOALS-g3_r1i1p1f1",2004,1032,1032
"16","FIO-ESM-2-0","r1i1p1f1","FIO-ESM-2-0_r1i1p1f1",1980,1032,1032
"17","GFDL-ESM4","r1i1p1f1","GFDL-ESM4_r1i1p1f1",1980,1032,1032
"18","GISS-E2-1-G","r1i1p1f2","GISS-E2-1-G_r1i1p1f2",1980,1032,1032
"19","HadGEM3-GC31-LL","r1i1p1f3","HadGEM3-GC31-LL_r1i1p1f3",1980,1032,1032
"20","IITM-ESM","r1i1p1f1","IITM-ESM_r1i1p1f1",1980,1020,1020
"21","INM-CM4-8","r1i1p1f1","INM-CM4-8_r1i1p1f1",1980,1032,1032
"22","INM-CM5-0","r1i1p1f1","INM-CM5-0_r1i1p1f1",1980,1032,1032
"23","IPSL-CM6A-LR","r1i1p1f1","IPSL-CM6A-LR_r1i1p1f1",1980,1032,1032
"24","KACE-1-0-G","r1i1p1f1","KACE-1-0-G_r1i1p1f1",1980,1032,1032
"25","KIOST-ESM","r1i1p1f1","KIOST-ESM_r1i1p1f1",1980,1032,1032
"26","MIROC-ES2L","r1i1p1f2","MIROC-ES2L_r1i1p1f2",1980,1032,1032
"27","MIROC6","r1i1p1f1","MIROC6_r1i1p1f1",1980,1032,1032
"28","MPI-ESM1-2-HR","r1i1p1f1","MPI-ESM1-2-HR_r1i1p1f1",1980,1032,1032
"29","MPI-ESM1-2-LR","r1i1p1f1","MPI-ESM1-2-LR_r1i1p1f1",1980,1032,1032
"30","MRI-ESM2-0","r1i1p1f1","MRI-ESM2-0_r1i1p1f1",1980,1032,1032
"31","NESM3","r1i1p1f1","NESM3_r1i1p1f1",1980,1032,1032
"32","NorESM2-LM","r1i1p1f1","NorESM2-LM_r1i1p1f1",1980,1032,1032
"33","NorESM2-MM","r1i1p1f1","NorESM2-MM_r1i1p1f1",1980,1032,1032
"34","TaiESM1","r1i1p1f1","TaiESM1_r1i1p1f1",1980,1032,1032
"35","UKESM1-0-LL","r1i1p1f2","UKESM1-0-LL_r1i1p1f2",1980,1032,1032
