"","model","varivant","variable","scenario","All.mon","Num.files","Scenario_Var","Model_varivant"
"1","ACCESS-CM2","r1i1p1f1","tas","historical",1980,1,"historical_tas","ACCESS-CM2_r1i1p1f1"
"2","ACCESS-CM2","r1i1p1f1","tas","ssp245",1032,1,"ssp245_tas","ACCESS-CM2_r1i1p1f1"
"3","ACCESS-CM2","r1i1p1f1","tas","ssp585",1032,1,"ssp585_tas","ACCESS-CM2_r1i1p1f1"
"4","ACCESS-ESM1-5","r1i1p1f1","tas","historical",1980,1,"historical_tas","ACCESS-ESM1-5_r1i1p1f1"
"5","ACCESS-ESM1-5","r1i1p1f1","tas","ssp245",1032,1,"ssp245_tas","ACCESS-ESM1-5_r1i1p1f1"
"6","ACCESS-ESM1-5","r1i1p1f1","tas","ssp585",1032,1,"ssp585_tas","ACCESS-ESM1-5_r1i1p1f1"
"7","BCC-CSM2-MR","r1i1p1f1","tas","historical",1980,1,"historical_tas","BCC-CSM2-MR_r1i1p1f1"
"8","BCC-CSM2-MR","r1i1p1f1","tas","ssp245",1032,1,"ssp245_tas","BCC-CSM2-MR_r1i1p1f1"
"9","BCC-CSM2-MR","r1i1p1f1","tas","ssp585",1032,1,"ssp585_tas","BCC-CSM2-MR_r1i1p1f1"
"10","CAMS-CSM1-0","r1i1p1f1","tas","historical",1980,1,"historical_tas","CAMS-CSM1-0_r1i1p1f1"
"11","CAMS-CSM1-0","r1i1p1f1","tas","ssp245",1020,1,"ssp245_tas","CAMS-CSM1-0_r1i1p1f1"
"12","CAMS-CSM1-0","r1i1p1f1","tas","ssp585",1020,1,"ssp585_tas","CAMS-CSM1-0_r1i1p1f1"
"13","CAS-ESM2-0","r1i1p1f1","tas","historical",1980,1,"historical_tas","CAS-ESM2-0_r1i1p1f1"
"14","CAS-ESM2-0","r1i1p1f1","tas","ssp245",1032,1,"ssp245_tas","CAS-ESM2-0_r1i1p1f1"
"15","CAS-ESM2-0","r1i1p1f1","tas","ssp585",1032,1,"ssp585_tas","CAS-ESM2-0_r1i1p1f1"
"16","CESM2-WACCM","r1i1p1f1","tas","historical",1980,1,"historical_tas","CESM2-WACCM_r1i1p1f1"
"17","CESM2-WACCM","r1i1p1f1","tas","ssp245",1032,2,"ssp245_tas","CESM2-WACCM_r1i1p1f1"
"18","CESM2-WACCM","r1i1p1f1","tas","ssp585",1032,1,"ssp585_tas","CESM2-WACCM_r1i1p1f1"
"19","CIESM","r1i1p1f1","tas","historical",1980,1,"historical_tas","CIESM_r1i1p1f1"
"20","CIESM","r1i1p1f1","tas","ssp245",1032,1,"ssp245_tas","CIESM_r1i1p1f1"
"21","CIESM","r1i1p1f1","tas","ssp585",1032,1,"ssp585_tas","CIESM_r1i1p1f1"
"22","CMCC-CM2-SR5","r1i1p1f1","tas","historical",1980,1,"historical_tas","CMCC-CM2-SR5_r1i1p1f1"
"23","CMCC-CM2-SR5","r1i1p1f1","tas","ssp245",1032,1,"ssp245_tas","CMCC-CM2-SR5_r1i1p1f1"
"24","CMCC-CM2-SR5","r1i1p1f1","tas","ssp585",1032,1,"ssp585_tas","CMCC-CM2-SR5_r1i1p1f1"
"25","CMCC-ESM2","r1i1p1f1","tas","historical",1980,1,"historical_tas","CMCC-ESM2_r1i1p1f1"
"26","CMCC-ESM2","r1i1p1f1","tas","ssp245",1032,1,"ssp245_tas","CMCC-ESM2_r1i1p1f1"
"27","CMCC-ESM2","r1i1p1f1","tas","ssp585",1032,1,"ssp585_tas","CMCC-ESM2_r1i1p1f1"
"28","CNRM-CM6-1-HR","r1i1p1f2","tas","historical",1980,1,"historical_tas","CNRM-CM6-1-HR_r1i1p1f2"
"29","CNRM-CM6-1-HR","r1i1p1f2","tas","ssp245",1032,1,"ssp245_tas","CNRM-CM6-1-HR_r1i1p1f2"
"30","CNRM-CM6-1-HR","r1i1p1f2","tas","ssp585",1032,1,"ssp585_tas","CNRM-CM6-1-HR_r1i1p1f2"
"31","CNRM-ESM2-1","r1i1p1f2","tas","historical",1980,1,"historical_tas","CNRM-ESM2-1_r1i1p1f2"
"32","CNRM-ESM2-1","r1i1p1f2","tas","ssp245",1032,1,"ssp245_tas","CNRM-ESM2-1_r1i1p1f2"
"33","CNRM-ESM2-1","r1i1p1f2","tas","ssp585",1032,1,"ssp585_tas","CNRM-ESM2-1_r1i1p1f2"
"34","CanESM5","r1i1p1f1","tas","historical",1980,1,"historical_tas","CanESM5_r1i1p1f1"
"35","CanESM5","r1i1p1f1","tas","ssp245",1032,1,"ssp245_tas","CanESM5_r1i1p1f1"
"36","CanESM5","r1i1p1f1","tas","ssp585",1032,1,"ssp585_tas","CanESM5_r1i1p1f1"
"37","EC-Earth3","r1i1p1f1","tas","historical",1980,165,"historical_tas","EC-Earth3_r1i1p1f1"
"38","EC-Earth3","r1i1p1f1","tas","ssp245",1032,86,"ssp245_tas","EC-Earth3_r1i1p1f1"
"39","EC-Earth3","r1i1p1f1","tas","ssp585",1032,86,"ssp585_tas","EC-Earth3_r1i1p1f1"
"40","FGOALS-f3-L","r1i1p1f1","tas","historical",1980,1,"historical_tas","FGOALS-f3-L_r1i1p1f1"
"41","FGOALS-f3-L","r1i1p1f1","tas","ssp245",1032,1,"ssp245_tas","FGOALS-f3-L_r1i1p1f1"
"42","FGOALS-f3-L","r1i1p1f1","tas","ssp585",1032,1,"ssp585_tas","FGOALS-f3-L_r1i1p1f1"
"43","FGOALS-g3","r1i1p1f1","tas","historical",2004,17,"historical_tas","FGOALS-g3_r1i1p1f1"
"44","FGOALS-g3","r1i1p1f1","tas","ssp245",1032,10,"ssp245_tas","FGOALS-g3_r1i1p1f1"
"45","FGOALS-g3","r1i1p1f1","tas","ssp585",1032,10,"ssp585_tas","FGOALS-g3_r1i1p1f1"
"46","FIO-ESM-2-0","r1i1p1f1","tas","historical",1980,1,"historical_tas","FIO-ESM-2-0_r1i1p1f1"
"47","FIO-ESM-2-0","r1i1p1f1","tas","ssp245",1032,1,"ssp245_tas","FIO-ESM-2-0_r1i1p1f1"
"48","FIO-ESM-2-0","r1i1p1f1","tas","ssp585",1032,1,"ssp585_tas","FIO-ESM-2-0_r1i1p1f1"
"49","GFDL-ESM4","r1i1p1f1","tas","historical",1980,2,"historical_tas","GFDL-ESM4_r1i1p1f1"
"50","GFDL-ESM4","r1i1p1f1","tas","ssp245",1032,1,"ssp245_tas","GFDL-ESM4_r1i1p1f1"
"51","GFDL-ESM4","r1i1p1f1","tas","ssp585",1032,1,"ssp585_tas","GFDL-ESM4_r1i1p1f1"
"52","GISS-E2-1-G","r1i1p1f2","tas","historical",1980,4,"historical_tas","GISS-E2-1-G_r1i1p1f2"
"53","GISS-E2-1-G","r1i1p1f2","tas","ssp245",1032,2,"ssp245_tas","GISS-E2-1-G_r1i1p1f2"
"54","GISS-E2-1-G","r1i1p1f2","tas","ssp585",1032,2,"ssp585_tas","GISS-E2-1-G_r1i1p1f2"
"55","HadGEM3-GC31-LL","r1i1p1f3","tas","historical",1980,2,"historical_tas","HadGEM3-GC31-LL_r1i1p1f3"
"56","HadGEM3-GC31-LL","r1i1p1f3","tas","ssp245",1032,2,"ssp245_tas","HadGEM3-GC31-LL_r1i1p1f3"
"57","HadGEM3-GC31-LL","r1i1p1f3","tas","ssp585",1032,2,"ssp585_tas","HadGEM3-GC31-LL_r1i1p1f3"
"58","IITM-ESM","r1i1p1f1","tas","historical",1980,17,"historical_tas","IITM-ESM_r1i1p1f1"
"59","IITM-ESM","r1i1p1f1","tas","ssp245",1020,9,"ssp245_tas","IITM-ESM_r1i1p1f1"
"60","IITM-ESM","r1i1p1f1","tas","ssp585",1020,9,"ssp585_tas","IITM-ESM_r1i1p1f1"
"61","INM-CM4-8","r1i1p1f1","tas","historical",1980,3,"historical_tas","INM-CM4-8_r1i1p1f1"
"62","INM-CM4-8","r1i1p1f1","tas","ssp245",1032,1,"ssp245_tas","INM-CM4-8_r1i1p1f1"
"63","INM-CM4-8","r1i1p1f1","tas","ssp585",1032,1,"ssp585_tas","INM-CM4-8_r1i1p1f1"
"64","INM-CM5-0","r1i1p1f1","tas","historical",1980,2,"historical_tas","INM-CM5-0_r1i1p1f1"
"65","INM-CM5-0","r1i1p1f1","tas","ssp245",1032,1,"ssp245_tas","INM-CM5-0_r1i1p1f1"
"66","INM-CM5-0","r1i1p1f1","tas","ssp585",1032,1,"ssp585_tas","INM-CM5-0_r1i1p1f1"
"67","IPSL-CM6A-LR","r1i1p1f1","tas","historical",1980,1,"historical_tas","IPSL-CM6A-LR_r1i1p1f1"
"68","IPSL-CM6A-LR","r1i1p1f1","tas","ssp245",1032,1,"ssp245_tas","IPSL-CM6A-LR_r1i1p1f1"
"69","IPSL-CM6A-LR","r1i1p1f1","tas","ssp585",1032,1,"ssp585_tas","IPSL-CM6A-LR_r1i1p1f1"
"70","KACE-1-0-G","r1i1p1f1","tas","historical",1980,1,"historical_tas","KACE-1-0-G_r1i1p1f1"
"71","KACE-1-0-G","r1i1p1f1","tas","ssp245",1032,1,"ssp245_tas","KACE-1-0-G_r1i1p1f1"
"72","KACE-1-0-G","r1i1p1f1","tas","ssp585",1032,1,"ssp585_tas","KACE-1-0-G_r1i1p1f1"
"73","KIOST-ESM","r1i1p1f1","tas","historical",1980,1,"historical_tas","KIOST-ESM_r1i1p1f1"
"74","KIOST-ESM","r1i1p1f1","tas","ssp245",1032,1,"ssp245_tas","KIOST-ESM_r1i1p1f1"
"75","KIOST-ESM","r1i1p1f1","tas","ssp585",1032,1,"ssp585_tas","KIOST-ESM_r1i1p1f1"
"76","MIROC-ES2L","r1i1p1f2","tas","historical",1980,1,"historical_tas","MIROC-ES2L_r1i1p1f2"
"77","MIROC-ES2L","r1i1p1f2","tas","ssp245",1032,1,"ssp245_tas","MIROC-ES2L_r1i1p1f2"
"78","MIROC-ES2L","r1i1p1f2","tas","ssp585",1032,1,"ssp585_tas","MIROC-ES2L_r1i1p1f2"
"79","MIROC6","r1i1p1f1","tas","historical",1980,2,"historical_tas","MIROC6_r1i1p1f1"
"80","MIROC6","r1i1p1f1","tas","ssp245",1032,1,"ssp245_tas","MIROC6_r1i1p1f1"
"81","MIROC6","r1i1p1f1","tas","ssp585",1032,1,"ssp585_tas","MIROC6_r1i1p1f1"
"82","MPI-ESM1-2-HR","r1i1p1f1","tas","historical",1980,33,"historical_tas","MPI-ESM1-2-HR_r1i1p1f1"
"83","MPI-ESM1-2-HR","r1i1p1f1","tas","ssp245",1032,18,"ssp245_tas","MPI-ESM1-2-HR_r1i1p1f1"
"84","MPI-ESM1-2-HR","r1i1p1f1","tas","ssp585",1032,18,"ssp585_tas","MPI-ESM1-2-HR_r1i1p1f1"
"85","MPI-ESM1-2-LR","r1i1p1f1","tas","historical",1980,9,"historical_tas","MPI-ESM1-2-LR_r1i1p1f1"
"86","MPI-ESM1-2-LR","r1i1p1f1","tas","ssp245",1032,5,"ssp245_tas","MPI-ESM1-2-LR_r1i1p1f1"
"87","MPI-ESM1-2-LR","r1i1p1f1","tas","ssp585",1032,5,"ssp585_tas","MPI-ESM1-2-LR_r1i1p1f1"
"88","MRI-ESM2-0","r1i1p1f1","tas","historical",1980,1,"historical_tas","MRI-ESM2-0_r1i1p1f1"
"89","MRI-ESM2-0","r1i1p1f1","tas","ssp245",1032,1,"ssp245_tas","MRI-ESM2-0_r1i1p1f1"
"90","MRI-ESM2-0","r1i1p1f1","tas","ssp585",1032,1,"ssp585_tas","MRI-ESM2-0_r1i1p1f1"
"91","NESM3","r1i1p1f1","tas","historical",1980,1,"historical_tas","NESM3_r1i1p1f1"
"92","NESM3","r1i1p1f1","tas","ssp245",1032,1,"ssp245_tas","NESM3_r1i1p1f1"
"93","NESM3","r1i1p1f1","tas","ssp585",1032,1,"ssp585_tas","NESM3_r1i1p1f1"
"94","NorESM2-LM","r1i1p1f1","tas","historical",1980,17,"historical_tas","NorESM2-LM_r1i1p1f1"
"95","NorESM2-LM","r1i1p1f1","tas","ssp245",1032,9,"ssp245_tas","NorESM2-LM_r1i1p1f1"
"96","NorESM2-LM","r1i1p1f1","tas","ssp585",1032,9,"ssp585_tas","NorESM2-LM_r1i1p1f1"
"97","NorESM2-MM","r1i1p1f1","tas","historical",1980,17,"historical_tas","NorESM2-MM_r1i1p1f1"
"98","NorESM2-MM","r1i1p1f1","tas","ssp245",1032,9,"ssp245_tas","NorESM2-MM_r1i1p1f1"
"99","NorESM2-MM","r1i1p1f1","tas","ssp585",1032,9,"ssp585_tas","NorESM2-MM_r1i1p1f1"
"100","TaiESM1","r1i1p1f1","tas","historical",1980,1,"historical_tas","TaiESM1_r1i1p1f1"
"101","TaiESM1","r1i1p1f1","tas","ssp245",1032,1,"ssp245_tas","TaiESM1_r1i1p1f1"
"102","TaiESM1","r1i1p1f1","tas","ssp585",1032,1,"ssp585_tas","TaiESM1_r1i1p1f1"
"103","UKESM1-0-LL","r1i1p1f2","tas","historical",1980,2,"historical_tas","UKESM1-0-LL_r1i1p1f2"
"104","UKESM1-0-LL","r1i1p1f2","tas","ssp245",1032,2,"ssp245_tas","UKESM1-0-LL_r1i1p1f2"
"105","UKESM1-0-LL","r1i1p1f2","tas","ssp585",1032,2,"ssp585_tas","UKESM1-0-LL_r1i1p1f2"
